doctrines,0
powerful,1
cause,2
francesc,3
heavy,4
paid,5
recovered,6
upon,7
expression,8
figures,9
peru,10
promoted,11
kinds,12
states,13
common,14
anarchonaturism,15
confrontations,16
woodcutstyle,17
ecological,18
garcía,19
region,20
consenting,21
antistatism,22
organising,23
allen,24
parc,25
ideal,26
tucker,27
boétie,28
four,29
ought,30
christiaan,31
traditional,32
jesus,33
derived,34
far,35
ego,36
participatory,37
officer,38
accordance,39
aims,40
diggers,41
collectivists,42
motivation,43
change,44
1921,45
comstockery,46
confederación,47
concerns,48
censorship,49
milestones,50
pedagogic,51
punk,52
pursued,53
movement,54
han,55
iain,56
transactions,57
altering,58
rejects,59
partisans,60
role,61
pervasive,62
marshall,63
resolutions,64
p,65
88,66
falling,67
soviet,68
autism,69
extreme,70
frances,71
thereby,72
needs,73
concerned,74
systematic,75
rate,76
exact,77
gimenez,78
encyclopaedia,79
around,80
battered,81
typically,82
fought,83
compromise,84
owners,85
followers,86
pace,87
question,88
transition,89
greek,90
whereas,91
broutchoux,92
pearl,93
theorists,94
proven,95
equivalent,96
coup,97
netherlands,98
hébertists,99
overlapping,100
gold,101
stirnerists,102
centuries,103
even,104
behavior,105
dsm,106
enlightenment,107
ashgate,108
adopted,109
bombings,110
emphasises,111
escape,112
del,113
favoured,114
exist,115
lois,116
democratic,117
combining,118
reitzel,119
selfmanaging,120
cryptography,121
empower,122
basically,123
strongest,124
necessary,125
asperger,126
needed,127
russian,128
ireland,129
christian,130
changed,131
bestknown,132
vaccine,133
imprisoned,134
reconciling,135
adulthood,136
almost,137
structure,138
parallel,139
consciousness,140
walker,141
postcolonialism,142
ukraine,143
syndicalists,144
believes,145
votes,146
ricardo,147
la,148
sharply,149
romande,150
anarchocommunist,151
regarded,152
lightbearer,153
increasing,154
internationally,155
lauded,156
human,157
eastern,158
topics,159
factory,160
california,161
popularity,162
george,163
moment,164
antisyndicalist,165
organisational,166
receive,167
impaired,168
artwork,169
sovietallied,170
théorie,171
offer,172
openly,173
communal,174
chicago,175
1914,176
selfcreation,177
attend,178
views,179
beneficial,180
confédération,181
schools,182
oxymoronic,183
representing,184
appeal,185
divided,186
terrorism,187
ruling,188
repressive,189
minority,190
mutual,191
antiauthoritarian,192
elimination,193
although,194
opposed,195
must,196
civilization,197
primitive,198
1999,199
abstention,200
degree,201
freedom,202
rights,203
flores,204
decide,205
surge,206
montréal,207
pour,208
document,209
ussr,210
wholly,211
canon,212
reclamation,213
utilitarian,214
1932,215
grahams,216
nj,217
influence,218
possibility,219
interventions,220
mutualist–,221
internal,222
practical,223
notice,224
diversity,225
classic,226
andré,227
aid,228
lower,229
alongside,230
encyclopædia,231
obvious,232
1–2,233
speech,234
soon,235
2004,236
tactics,237
critchley,238
henri,239
parma,240
individualism,241
rediscovered,242
council,243
illegal,244
chernyi,245
conceived,246
desire,247
federalist,248
limited,249
zisly,250
agricultural,251
schemes,252
asd,253
solidarity,254
lacks,255
sides,256
cage,257
boldly,258
markets,259
anarchiste,260
communist,261
failure,262
conducive,263
europe,264
platformism,265
periodical,266
inspire,267
plays,268
gang,269
antiglobalisation,270
anticlerical,271
people,272
regress,273
anarchopacifist,274
months,275
insisted,276
radically,277
hand,278
gradually,279
politically,280
principle,281
tactical,282
across,283
penal,284
philosophies,285
1955,286
stirner,287
saw,288
shtime,289
collaborated,290
obtain,291
women,292
vision,293
neoliberalism,294
abuse,295
sadi,296
commune,297
various,298
vast,299
society,300
federations,301
branch,302
large,303
uprisings,304
difference,305
business,306
force,307
expulsion,308
population,309
holds,310
struggles,311
directed,312
final,313
day,314
sprang,315
eugene,316
obrera,317
warned,318
widespread,319
1868,320
prevent,321
repressed,322
crass,323
members,324
congress,325
disarmament,326
11,327
contemporaneously,328
1883–1907,329
verbal,330
assassinated,331
cnt,332
journal,333
united,334
peter,335
mandate,336
christianity,337
peasant,338
conference,339
require,340
robespierre,341
periods,342
sexual,343
classical,344
tsar,345
sébastien,346
asociación,347
particular,348
arbeter,349
rates,350
perennial,351
concentration,352
albert,353
persecuted,354
1939,355
edited,356
hitler,357
imamate,358
individual,359
riots,360
argument,361
marxists,362
maintaining,363
legitimacy,364
fourpage,365
position,366
postleftists,367
nonverbal,368
leaderless,369
minette,370
activity,371
insurrection,372
killed,373
lysander,374
destroyed,375
selfunderstanding,376
night,377
clifford,378
1934,379
thus,380
leaders,381
austria,382
100000,383
series,384
coordinator,385
forces,386
heywood,387
equality,388
italian,389
chiara,390
berlin,391
equally,392
york,393
boasted,394
liberal,395
five,396
zerzan,397
autistic,398
spontaneous,399
whites,400
deceased,401
bonnot,402
driven,403
unionism,404
initiatives,405
origin,406
ground,407
1974,408
subversives,409
party,410
haymarket,411
1980s,412
experienced,413
civil,414
manifestations,415
steadfastly,416
judgement,417
coeurderoy,418
throughout,419
propounded,420
association,421
goods,422
lines,423
true,424
noted,425
incompatible,426
morality,427
classifications,428
leftwing,429
infamous,430
join,431
accord,432
claim,433
housing,434
rodríguez,435
wrote,436
moderna,437
du,438
present,439
synthesist,440
referred,441
magnus,442
evil,443
v,444
individualistic,445
repetitive,446
4,447
actively,448
areas,449
period,450
supporters,451
lpf,452
programme,453
law,454
mexico,455
always,456
describe,457
faure,458
militias,459
trade,460
variety,461
saornil,462
centralisation,463
back,464
questions,465
rally,466
disputes,467
engels,468
groundbreaking,469
black,470
discriminated,471
toleration,472
childs,473
external,474
entered,475
democratically,476
officers,477
syndicalism,478
sponsored,479
manual,480
criticises,481
allied,482
engaged,483
ideas,484
european,485
powerless,486
meetings,487
tarrida,488
struggle,489
surveyor,490
1890s,491
declared,492
unione,493
receiving,494
anarchohedonist,495
graham,496
voices,497
ensuing,498
dispossessed,499
well,500
experience,501
malatesta,502
nationalist,503
move,504
guillaume,505
fulfil,506
narrative,507
camden,508
actual,509
might,510
illegalism,511
occasionally,512
groups,513
described,514
selfinterest,515
ίζειν,516
illich,517
max,518
regard,519
reality,520
refused,521
publishing,522
onfray,523
occupy,524
acts,525
issued,526
attributes,527
disused,528
respected,529
removing,530
st,531
arose,532
autonomous,533
stressed,534
whole,535
formulate,536
opposes,537
nuclear,538
summerhill,539
crisis,540
diverse,541
aragon,542
carnot,543
rulers,544
hoped,545
historical,546
anthropology,547
whereby,548
public,549
daniel,550
wish,551
postrevolutionary,552
realm,553
led,554
todays,555
affiliated,556
womans,557
joy,558
front,559
tolstoy,560
1897–1904,561
armand,562
simultaneously,563
poor,564
claims,565
similar,566
edmund,567
closer,568
prestige,569
successful,570
pact,571
armaments,572
published,573
economy,574
concepts,575
essentially,576
colonies,577
combination,578
signs,579
categories,580
democracy,581
help,582
national,583
july,584
subsistence,585
margaret,586
goldman,587
exponents,588
fragments,589
occupation,590
ten,591
socialism,592
henry,593
hague,594
proposed,595
regards,596
postwar,597
passed,598
individualistanarchism,599
councils,600
alex,601
stateprotected,602
ideologically,603
german,604
christ,605
initiated,606
arme,607
amparo,608
mind,609
false,610
push,611
2010,612
nestor,613
naturalist,614
300ce,615
anarchists,616
schuster,617
reciprocity,618
hypotheses,619
militarism,620
oranienburg,621
prickly,622
fifth,623
play,624
review,625
nationalism,626
heterosexual,627
tolstoys,628
one,629
working,630
voice,631
among,632
nudists,633
revolts,634
experimental,635
jail,636
call,637
million,638
coruña,639
commonly,640
discount,641
take,642
barcelona,643
squatter,644
camillo,645
6th,646
affect,647
economics,648
strongly,649
according,650
election,651
scholar,652
due,653
victorious,654
context,655
refers,656
formed,657
porvenir,658
contemporary,659
1849–1898,660
novatore,661
squat,662
andrej,663
angela,664
mainly,665
graeber,666
set,667
ultimately,668
workplaces,669
life,670
form,671
organise,672
shift,673
explain,674
theology,675
josiah,676
intolerable,677
italiana,678
contract,679
fiercely,680
extended,681
fixed,682
network,683
libertarianism,684
playing,685
posited,686
violence,687
advocacy,688
creation,689
unionists,690
armed,691
anthropologist,692
accepted,693
historians,694
annihilation,695
bilbao,696
situation,697
group,698
mostly,699
collective,700
emphasise,701
foreign,702
collectivist,703
embodies,704
ezra,705
rioting,706
proudhons,707
canada,708
following,709
de,710
herbert,711
ad,712
processing,713
renzo,714
nationale,715
returned,716
harman,717
iberian,718
event,719
spanish,720
lesbianism,721
conquered,722
events,723
name,724
1977,725
adjectives,726
camaraderie,727
propaganda,728
magistracy,729
philosophy,730
fontanacollins,731
repelling,732
characters,733
taoist,734
brandenburg,735
advanced,736
quickly,737
corps,738
reinvented,739
retaining,740
1887,741
world,742
criminalised,743
executed,744
outlaws,745
already,746
project,747
backed,748
king,749
attracting,750
occurred,751
russia,752
skills,753
sebastien,754
attempted,755
methods,756
refusal,757
coercive,758
encounter,759
unknown,760
attack,761
electing,762
sees,763
postanarchism,764
elisabeth,765
egoist,766
speak,767
conduct,768
murdered,769
critic,770
live,771
gradual,772
ie,773
first,774
1918–1919,775
30,776
played,777
enemies,778
gunmen,779
worldwide,780
shared,781
april,782
related,783
erich,784
louise,785
sense,786
james,787
realisation,788
dynamite,789
term,790
pierrejoseph,791
france,792
humanism,793
dissident,794
diagnosed,795
transferred,796
forcibly,797
negative,798
19,799
earliest,800
19thcentury,801
mutualism,802
mikhail,803
wider,804
formulated,805
refer,806
restricted,807
degrees,808
cells,809
rosario,810
partly,811
outbreak,812
cognitive,813
woodcut,814
understood,815
outlook,816
czolgosz,817
reopening,818
essence,819
poststructuralist,820
countereconomics,821
firmly,822
arditi,823
adolf,824
hierarchical,825
onceoff,826
advocate,827
predatory,828
socialist,829
prior,830
point,831
synthesis,832
later,833
students,834
effect,835
polarised,836
proudhon´s,837
times,838
transmitted,839
acting,840
chomsky,841
paul,842
male,843
godwin,844
interests,845
labour,846
ismos,847
celebration,848
presented,849
arrive,850
weekly,851
italy,852
individualist,853
logical,854
disparate,855
surrealist,856
marxs,857
coercion,858
courbet,859
controversial,860
men,861
moscow,862
nova,863
suggest,864
translator,865
increase,866
revolutionaries,867
voline,868
simple,869
addition,870
attached,871
explore,872
eunice,873
johann,874
midnineteenth,875
1889,876
critics,877
issues,878
brown,879
1817–1862,880
took,881
documented,882
masses,883
republican,884
perspective,885
ernest,886
source,887
field,888
2008,889
collectives,890
concluded,891
reaching,892
entitlement,893
formal,894
figure,895
called,896
power,897
seventeen,898
able,899
mussolini,900
doctrine,901
reichstag,902
criticising,903
fraye,904
rock,905
reciprocally,906
stirners,907
guiding,908
international,909
specified,910
press,911
would,912
bring,913
secret,914
gerrard,915
kronstadt,916
merged,917
connotation,918
ability,919
precipitated,920
20000,921
stalinists,922
batchelder,923
give,924
kohr,925
campaign,926
future,927
small,928
bomb,929
right,930
develop,931
accordingly,932
make,933
industrial,934
hardcover,935
culminated,936
armies,937
secular,938
subsequent,939
lucifer,940
august,941
antifascist,942
unresolved,943
gustave,944
mexican,945
anarchocapitalism,946
nonviolence,947
build,948
disputed,949
exercise,950
1950s,951
brothers,952
intersecting,953
degradation,954
services,955
church,956
brazil,957
inspiration,958
delegate,959
brand,960
centralist,961
discourse,962
everybody,963
2,964
introduced,965
anticapitalism,966
transformed,967
1991,968
science,969
exemplary,970
city,971
9,972
bourgeois,973
blanquists,974
conclusion,975
many,976
monthly,977
affected,978
benoît,979
ivan,980
ak,981
1922,982
publication,983
75,984
setting,985
uri,986
became,987
unjust,988
associations,989
idea,990
antiwar,991
assassination,992
setback,993
achieve,994
sending,995
enlightened,996
annual,997
harold,998
rather,999
escuela,1000
membership,1001
officials,1002
citium,1003
replaced,1004
treatment,1005
positively,1006
collectivise,1007
nations,1008
spooner,1009
beck,1010
single,1011
consequences,1012
1848,1013
taught,1014
refrain,1015
responded,1016
league,1017
bound,1018
patriarchy,1019
pragmatic,1020
heavily,1021
bakunin,1022
foster,1023
history,1024
fundamentally,1025
renewed,1026
1881,1027
late,1028
less,1029
anthology,1030
edition,1031
550,1032
cantonalist,1033
partially,1034
2012,1035
murder,1036
popular,1037
whose,1038
documentary,1039
respect,1040
committee,1041
economical,1042
infinitive,1043
argued,1044
debate,1045
blocs,1046
movements,1047
factories,1048
freie,1049
resist,1050
formation,1051
offensives,1052
experiments,1053
direction,1054
interest,1055
varlin,1056
synonym,1057
illustrated,1058
vincent,1059
thief,1060
veganism,1061
children,1062
weitling,1063
origins,1064
lost,1065
distribution,1066
jingyan,1067
focus,1068
alive,1069
invitations,1070
celebrities,1071
market,1072
marking,1073
subsequently,1074
libres,1075
respectively,1076
claimed,1077
postleft,1078
umanita,1079
austrian,1080
sympathetic,1081
connect,1082
rival,1083
eliminate,1084
homosexual,1085
territories,1086
lucía,1087
third,1088
die,1089
overview,1090
subject,1091
ardent,1092
affirm,1093
posthegelian,1094
parcels,1095
plaisir,1096
instruction,1097
moreover,1098
since,1099
march,1100
aimed,1101
mandates,1102
proponent,1103
1933,1104
primary,1105
property,1106
freethought,1107
referring,1108
strategies,1109
estate,1110
jacques,1111
20th,1112
cure,1113
argue,1114
ideologies,1115
barclay,1116
villagers,1117
heyday,1118
service,1119
thought,1120
indirect,1121
blumenfeld,1122
motion,1123
800000,1124
example,1125
leo,1126
starting,1127
criticised,1128
voltairine,1129
girls,1130
turned,1131
shaken,1132
reappropriation,1133
1910,1134
varying,1135
personalist,1136
french,1137
nonhierarchical,1138
believe,1139
becomes,1140
mass,1141
developmental,1142
stronghold,1143
presenting,1144
near,1145
afterwards,1146
amsterdam,1147
production,1148
double,1149
private,1150
naturists,1151
sovereign,1152
privative,1153
process,1154
produce,1155
anarchistinspired,1156
ravages,1157
hierarchy,1158
reaction,1159
traced,1160
retaliation,1161
efforts,1162
18,1163
anarchisms,1164
1990,1165
rest,1166
pamphlet,1167
conflicts,1168
apparent,1169
delegates,1170
mutually,1171
importance,1172
brigand,1173
full,1174
neurodevelopmental,1175
infections,1176
onwards,1177
run,1178
guards,1179
communication,1180
1950,1181
victory,1182
rural,1183
hours,1184
phenomenon,1185
excuse,1186
influences,1187
militant,1188
intellectual,1189
expressed,1190
pi,1191
childled,1192
split,1193
rubella,1194
central,1195
alternative,1196
miguel,1197
none,1198
next,1199
fascist,1200
label,1201
organize,1202
anselme,1203
leading,1204
blackwell,1205
conscience,1206
create,1207
perpetuating,1208
army,1209
grouped,1210
year,1211
parties,1212
killings,1213
cornelissen,1214
historically,1215
corpse,1216
others,1217
1864,1218
eternal,1219
catalonia—the,1220
leon,1221
fédération,1222
control,1223
1938,1224
2013,1225
direct,1226
reflection,1227
harassment,1228
leopold,1229
binding,1230
anarchafeminism,1231
upheaval,1232
authority,1233
reflected,1234
palpable,1235
also,1236
responsibility,1237
strains,1238
increased,1239
finally,1240
updating,1241
influential,1242
echoes,1243
synapses,1244
bestseller,1245
whether,1246
age,1247
bisexuality,1248
68,1249
strategy,1250
irrelevant,1251
punishment,1252
julian,1253
genetic,1254
truda,1255
dolgoff,1256
revived,1257
disenfranchisment,1258
mühsam,1259
1872–1890,1260
millay,1261
february,1262
248,1263
inspired,1264
fire,1265
identical,1266
though,1267
activism,1268
existence,1269
much,1270
fernando,1271
reemerged,1272
organized,1273
2010anarchosyndicalism,1274
draft,1275
pen,1276
revival,1277
positive,1278
nine,1279
seven,1280
comfort,1281
accepting,1282
including,1283
pddnos,1284
deed,1285
anarchoprimitivism,1286
landauer,1287
1944,1288
followed,1289
francoprussian,1290
propagandist,1291
solaire,1292
overthrown,1293
committed,1294
policy,1295
counterrevolution,1296
mercedes,1297
natural,1298
fact,1299
intellectuals,1300
currency,1301
open,1302
strike,1303
could,1304
rousseaus,1305
technologies,1306
1790s,1307
manifesto,1308
1930s,1309
elite,1310
trades,1311
causes,1312
inequality,1313
proudhonian,1314
blackshirts,1315
popolo,1316
imposing,1317
income,1318
satisfaction,1319
exiles,1320
assassins,1321
institutions,1322
deprived,1323
perpetuates,1324
achieved,1325
princeton,1326
liberty,1327
acted,1328
bao,1329
feminism,1330
success,1331
william,1332
critique,1333
révolté,1334
travail,1335
committing,1336
continually,1337
tactic,1338
scott,1339
demanding,1340
expropriations,1341
deschooling,1342
pieces,1343
federación,1344
roles,1345
gustav,1346
andrews,1347
predicted,1348
swf,1349
component,1350
writing,1351
camps,1352
virtues,1353
animals,1354
spread,1355
turn,1356
dismemberment,1357
mclaughlin,1358
contributors,1359
matters,1360
objectives,1361
replacement,1362
opponents,1363
second,1364
1907,1365
figureheads,1366
greenwich,1367
calls,1368
prolabour,1369
special,1370
30000,1371
questioned,1372
generations,1373
literacy,1374
reorganise,1375
wages,1376
gathered,1377
étienne,1378
noam,1379
bulwark,1380
instead,1381
briefly,1382
directly,1383
argues,1384
faq,1385
1939–2006,1386
argentina,1387
implementation,1388
1896,1389
explaining,1390
viewed,1391
member,1392
ed,1393
levante,1394
caliphate,1395
exercised,1396
foundations,1397
reserves,1398
obligation,1399
beginning,1400
fotlu,1401
ellul,1402
1892–1893,1403
complete,1404
freethinkers,1405
replace,1406
pelloutier,1407
1948,1408
detailing,1409
replaces,1410
abbreviated,1411
syndrome,1412
representative,1413
1894,1414
worker,1415
1910s,1416
education,1417
means,1418
sectarian,1419
current,1420
campaigned,1421
goodman,1422
antiworker,1423
centrality,1424
date,1425
antichristian,1426
legal,1427
controlled,1428
excellent,1429
organ,1430
discussion,1431
organisation,1432
pierre,1433
bulgarian,1434
alcohol,1435
different,1436
upholding,1437
conditions,1438
economic,1439
sinope,1440
potential,1441
organisations,1442
denounce,1443
1809–1865,1444
great,1445
privilege,1446
bc,1447
interpreted,1448
vigour,1449
without,1450
similarly,1451
howto,1452
especially,1453
woman,1454
networks,1455
coeditor,1456
increasingly,1457
exclusive,1458
pioneering,1459
1845,1460
climaxed,1461
1926,1462
fluxing,1463
participation,1464
free,1465
estimated,1466
sam,1467
consistent,1468
daily,1469
2007,1470
horizontal,1471
catalan,1472
school,1473
assassin,1474
cheers,1475
expelled,1476
quickest,1477
protests,1478
wave,1479
influenced,1480
still,1481
level,1482
resister,1483
continued,1484
possibilities,1485
globally,1486
man,1487
found,1488
capitalist,1489
walden,1490
greene,1491
use,1492
largescale,1493
carter,1494
affinity,1495
quarter,1496
definitional,1497
goal,1498
igualada,1499
penguin,1500
writings,1501
collectivised,1502
restraint,1503
systems,1504
become,1505
committees,1506
marked,1507
anti,1508
consists,1509
plight,1510
mother,1511
resulted,1512
1840,1513
serious,1514
wake,1515
bolsheviks,1516
expanded,1517
system,1518
seen,1519
north,1520
statements,1521
goebbels,1522
traditions,1523
consider,1524
susan,1525
text,1526
view,1527
beverly,1528
significant,1529
leftist,1530
living,1531
spooks,1532
predictions,1533
pupil,1534
moses,1535
espouse,1536
revolt,1537
platformist,1538
revolution,1539
number,1540
main,1541
suppressed,1542
abandonment,1543
accusation,1544
ignorance,1545
social,1546
conceptions,1547
caliban,1548
decisions,1549
technology,1550
magón,1551
egoists,1552
authors,1553
wills,1554
precedent,1555
spectrum,1556
attention,1557
author,1558
joined,1559
mckinleys,1560
freetown,1561
politics,1562
respective,1563
syndicalismtrade,1564
1885,1565
determinants,1566
anarchosyndicalism,1567
distanced,1568
utopian,1569
se,1570
within,1571
criteria,1572
archos,1573
marxist,1574
parents,1575
bolshevism,1576
nineteenth,1577
cooperation,1578
eliminated,1579
temporary,1580
2002,1581
broadly,1582
began,1583
tyrannicides,1584
postclassical,1585
individuals,1586
religion,1587
bookchin,1588
village,1589
labelled,1590
selfmanagement,1591
grew,1592
strikebreakers,1593
reprints,1594
war,1595
1642,1596
god,1597
franco,1598
confederation,1599
achieving,1600
counterrevolutionaries,1601
proudhon,1602
participated,1603
carlos,1604
anticapitalist,1605
reasoning,1606
zhuangzis,1607
dictatorship,1608
principal,1609
dielo,1610
primarily,1611
bakunins,1612
thrown,1613
jeanjacques,1614
reformist,1615
parisian,1616
journals,1617
leader,1618
truth,1619
malevolent,1620
attitudes,1621
anarchosyndicalists,1622
1945,1623
capitalism,1624
characterised,1625
combines,1626
eclectic,1627
squatters,1628
benjamin,1629
1917,1630
berneri,1631
reclus,1632
scholars,1633
1962,1634
indirectly,1635
1895,1636
alexander,1637
marxism,1638
outlined,1639
germany,1640
liberals,1641
exemplified,1642
evaluated,1643
syndicalist,1644
founding,1645
conclusions,1646
ii,1647
bellegarrigue,1648
basis,1649
communards,1650
defiance,1651
bottici,1652
historian,1653
last,1654
organization,1655
based,1656
unfeasible,1657
1890,1658
product,1659
adopting,1660
predecessors,1661
swiss,1662
ryner,1663
guide,1664
minister,1665
minimal,1666
response,1667
american,1668
lechartier,1669
hennacy,1670
long,1671
popularised,1672
debates,1673
8,1674
workingmens,1675
1968,1676
bohemian,1677
workers,1678
socialdemocratic,1679
matter,1680
stephen,1681
el,1682
boys,1683
oscar,1684
constrain,1685
sections,1686
ways,1687
mayor,1688
heightened,1689
rejection,1690
purpose,1691
contrast,1692
regicides,1693
prepared,1694
picket,1695
chile,1696
read,1697
1919,1698
opened,1699
christiania,1700
kharijites,1701
attaining,1702
sovereignty,1703
firebrand,1704
behavioral,1705
attempt,1706
developed,1707
base,1708
virginia,1709
pleasure,1710
c,1711
communes,1712
avoid,1713
constraining,1714
disagreement,1715
jewish,1716
compulsion,1717
kingdom,1718
voluntary,1719
1871,1720
favour,1721
anarchafeminist,1722
extremeright,1723
citing,1724
workercentred,1725
rebellion,1726
compensation,1727
1987,1728
meaningful,1729
conservative,1730
1939–1977,1731
green,1732
anonymous,1733
democrats,1734
renamed,1735
fascism,1736
wishes,1737
least,1738
peoples,1739
combined,1740
womens,1741
dramatically,1742
numerous,1743
grubacic,1744
arrested,1745
syncretic,1746
seeking,1747
anarchocommunists,1748
feminists,1749
proved,1750
turmoil,1751
marx,1752
capacity,1753
déjacque,1754
proposing,1755
value,1756
hirschfeld,1757
1956,1758
ethical,1759
violent,1760
outrage,1761
decreed,1762
dwight,1763
initially,1764
century,1765
francisco,1766
concern,1767
usually,1768
incident,1769
fight,1770
compound,1771
support,1772
galleani,1773
harper,1774
1870,1775
credit,1776
religious,1777
emerges,1778
crowd,1779
experiences,1780
sixties,1781
profit,1782
citys,1783
partyled,1784
conscious,1785
archon,1786
serves,1787
scélérates,1788
laws,1789
rocker,1790
flows,1791
largest,1792
currents,1793
graphic,1794
jersey,1795
security,1796
stance,1797
founded,1798
laozi,1799
macdonald,1800
1860s,1801
cyréaniques,1802
poch,1803
francoist,1804
crushed,1805
ecology,1806
selfcare,1807
president,1808
14,1809
abdelrahim,1810
guàrdia,1811
considerable,1812
volume,1813
enactment,1814
1873,1815
anarchica,1816
consumer,1817
rose,1818
artists,1819
wage,1820
composed,1821
internet,1822
università,1823
sectarianism,1824
stalin,1825
interaction,1826
reports,1827
execution,1828
making,1829
say,1830
institutionalize,1831
result,1832
towards,1833
issue,1834
agents,1835
resources,1836
federazione,1837
several,1838
1880s,1839
republic,1840
retrospectively,1841
believing,1842
symptoms,1843
wto,1844
died,1845
portrait,1846
ideology,1847
affair,1848
korean,1849
exclusively,1850
rulesbased,1851
realised,1852
undoubtedly,1853
pluto,1854
theory,1855
caused,1856
freemarket,1857
gascón,1858
political,1859
roof,1860
mental,1861
existing,1862
slogan,1863
proponents,1864
ism,1865
organised,1866
overthrow,1867
poet,1868
seeker,1869
bolshevik,1870
cited,1871
preach,1872
taken,1873
years,1874
empress,1875
projects,1876
particularly,1877
ramón,1878
zzorigins,1879
moral,1880
economically,1881
failed,1882
fused,1883
six,1884
walter,1885
platform,1886
characterized,1887
autonomedia,1888
factors,1889
enragés,1890
territory,1891
undesirable,1892
servitude,1893
bolten,1894
unions,1895
spoke,1896
selfgoverned,1897
umberto,1898
differ,1899
educate,1900
negotiate,1901
resistance,1902
lazarus,1903
anarchism,1904
meant,1905
constructors,1906
sufficient,1907
per,1908
crane,1909
feminist,1910
pedagogue,1911
advantage,1912
books,1913
imposition,1914
broke,1915
pm,1916
philosopher,1917
antihierarchical,1918
concept,1919
luigi,1920
personal,1921
quote,1922
defined,1923
names,1924
dignity,1925
roundhead,1926
otherwise,1927
anarchic,1928
sagra,1929
cadres,1930
agitating,1931
revolutions,1932
tendencies,1933
cases,1934
isma,1935
provided,1936
civilisation,1937
mujeres,1938
created,1939
ones,1940
money,1941
antinuclear,1942
noncoercive,1943
disorder,1944
emma,1945
veteran,1946
employment,1947
milieu,1948
makhno,1949
anarchopacifists,1950
1833,1951
reasons,1952
easy,1953
flowing,1954
square,1955
principles,1956
conceptual,1957
latin,1958
address,1959
charged,1960
secondary,1961
1917–23,1962
bisexual,1963
tradition,1964
galleanists,1965
ec,1966
anarchopacifism,1967
communists,1968
added,1969
outset,1970
2003,1971
spains,1972
new,1973
21st,1974
british,1975
arises,1976
involuntary,1977
abandoning,1978
tendency,1979
educator,1980
foresaw,1981
proorganisationalist,1982
countries,1983
majority,1984
accept,1985
culturalcritical,1986
anarchosyndicalist,1987
generate,1988
liberation,1989
key,1990
sketch,1991
towns,1992
union,1993
tax,1994
theorist,1995
grouping,1996
london,1997
government,1998
17th,1999
associated,2000
italianamerican,2001
either,2002
holiday,2003
homosexuality,2004
freethinker,2005
permanent,2006
reach,2007
relationship,2008
made,2009
effort,2010
situated,2011
cleyre,2012
counterculture,2013
oaklandedinburgh,2014
damage,2015
unlike,2016
emerged,2017
diagnostic,2018
1000,2019
kilos,2020
wilhelm,2021
papers,2022
supporting,2023
regime,2024
headquarters,2025
overlooking,2026
neill,2027
dependency,2028
generation,2029
councilist,2030
factions,2031
petty,2032
autonomy,2033
progressive,2034
558,2035
certain,2036
line,2037
spiritually,2038
denmark,2039
approximately,2040
decided,2041
nonfrancoist,2042
perhaps,2043
losing,2044
fernand,2045
linvention,2046
1842,2047
contrasted,2048
extent,2049
nature,2050
forum,2051
counterparts,2052
struggleapproach,2053
britannica,2054
reform,2055
seattle,2056
radical,2057
sánchez,2058
subjects,2059
izein,2060
major,2061
act,2062
profound,2063
imperative,2064
elsewhere,2065
breton,2066
anarchocommunism,2067
drawing,2068
thinkers,2069
carried,2070
culture,2071
divine,2072
e,2073
types,2074
protestant,2075
2000,2076
involved,2077
techniques,2078
catalonia,2079
electoral,2080
eighthour,2081
prominent,2082
hyphenated,2083
situationist,2084
affects,2085
2nd,2086
beyond,2087
volunteered,2088
paradigm,2089
activist,2090
demonstration,2091
attacks,2092
theft,2093
considered,2094
critical,2095
impossible,2096
apostles,2097
afb,2098
hourly,2099
2015,2100
michel,2101
revolutionist,2102
abolition,2103
case,2104
acquired,2105
replacing,2106
preventive,2107
often,2108
prefix,2109
practices,2110
le,2111
enthusiastic,2112
zhuangzi,2113
premise,2114
conquest,2115
gesell,2116
schooling,2117
collectivism,2118
associates,2119
selfgovernance,2120
seeing,2121
expense,2122
defend,2123
antimilitarism,2124
communities,2125
baja,2126
gained,2127
guin,2128
érotique,2129
sought,2130
resisted,2131
zeno,2132
warfare,2133
camus,2134
approaches,2135
greece,2136
cgt,2137
jarach,2138
eds,2139
postmodernism,2140
frequented,2141
philadelphes,2142
obviously,2143
scale,2144
works,2145
technical,2146
1842–1921,2147
strongholds,2148
responsible,2149
longterm,2150
helped,2151
exchangeable,2152
dissolved,2153
engraving,2154
karl,2155
resurgence,2156
1905,2157
tiny,2158
basic,2159
interpretations,2160
appeared,2161
ammon,2162
criticisms,2163
cooperatives,2164
accumulation,2165
ginsberg,2166
polyamory,2167
inside,2168
warren,2169
federalists,2170
regional,2171
leadership,2172
dorothy,2173
despite,2174
kind,2175
withdrew,2176
periodic,2177
action,2178
mutualist,2179
1979,2180
january,2181
1793,2182
resulting,2183
survived,2184
bank,2185
notoriety,2186
distinguished,2187
continues,2188
unschooling,2189
28,2190
recall,2191
nation,2192
1844,2193
recent,2194
high,2195
sometimes,2196
marriage,2197
underground,2198
state,2199
oppose,2200
cynics,2201
hoc,2202
2005,2203
learning,2204
gain,2205
anarchofeminism,2206
silvio,2207
defeated,2208
pay,2209
1971,2210
stateless,2211
defence,2212
activists,2213
lesbian,2214
hanging,2215
royalists,2216
thoreau,2217
concerning,2218
jacobin,2219
paris,2220
peace,2221
eventually,2222
order,2223
ally,2224
away,2225
language,2226
recognising,2227
anderson,2228
course,2229
troops,2230
electors,2231
grammar,2232
abstentionism,2233
owing,2234
1886,2235
3,2236
habits,2237
definitely,2238
nearly,2239
rosso,2240
wilde,2241
stated,2242
embrace,2243
advocates,2244
october,2245
ultimate,2246
nationalisation,2247
account,2248
meaning,2249
indeed,2250
consumption,2251
advocated,2252
left,2253
famous,2254
john,2255
came,2256
cold,2257
lawrence,2258
established,2259
proletariat,2260
realising,2261
believed,2262
concentrated,2263
berkman,2264
emergence,2265
lev,2266
opposing,2267
1936–1939,2268
cuban,2269
eight,2270
philosophical,2271
police,2272
enjoys,2273
cocaine,2274
focuses,2275
standard,2276
values,2277
bavarian,2278
chicagos,2279
young,2280
1901,2281
der,2282
observances,2283
burke,2284
however,2285
attempts,2286
yawning,2287
craft,2288
woodcock,2289
1970,2290
1895–1897,2291
districts,2292
exile,2293
institution,2294
1539,2295
include,2296
versa,2297
anarchafeminists,2298
wing,2299
theoretical,2300
selfmanaged,2301
isolated,2302
ferrer,2303
relationships,2304
introduction,2305
plant,2306
peasants,2307
enslavement,2308
humans,2309
citizens,2310
attracted,2311
comaposada,2312
anything,2313
antistate,2314
spain,2315
simon,2316
1911,2317
chronological,2318
fascists,2319
federici,2320
plus,2321
massacres,2322
disproven,2323
societies,2324
country,2325
selfassertion,2326
carrara,2327
protagonism,2328
may,2329
sympathy,2330
charges,2331
anarchy,2332
see,2333
1947,2334
staged,2335
disobedience,2336
ideological,2337
mckinley,2338
une,2339
assassinations,2340
held,2341
forms,2342
unfortunate,2343
andalusia,2344
socioeconomic,2345
evolution,2346
bombers,2347
founder,2348
petrograd,2349
arguments,2350
active,2351
known,2352
positions,2353
best,2354
workplace,2355
libertaria,2356
squatting,2357
reason,2358
nationalists,2359
elements,2360
acceptance,2361
cf,2362
nacional,2363
conflict,2364
volin,2365
establishment,2366
development,2367
work,2368
included,2369
burglars,2370
occupying,2371
güell,2372
universal,2373
answers,2374
woodcocks,2375
inherently,2376
argentine,2377
rational,2378
rupture,2379
study,2380
anarchos,2381
bitter,2382
gordon,2383
campaigners,2384
jacob,2385
nonsystematic,2386
newspaper,2387
islamic,2388
organisers,2389
educational,2390
1970s,2391
occurs,2392
wither,2393
suicide,2394
parts,2395
regimes,2396
advocating,2397
anticorporatist,2398
anarchistcommunists,2399
theories,2400
targeted,2401
ruled,2402
younger,2403
ended,2404
cannot,2405
district,2406
ruler,2407
suppression,2408
destruction,2409
morning,2410
relation,2411
vice,2412
independently,2413
establish,2414
need,2415
tortured,2416
parliamentary,2417
murray,2418
mutualists,2419
motivated,2420
mármol,2421
encouraged,2422
selfdetermined,2423
unsuccessful,2424
roots,2425
describing,2426
place,2427
cuba,2428
end,2429
witch,2430
confines,2431
global,2432
charters,2433
harpers,2434
examples,2435
dwarfed,2436
center,2437
brain,2438
delays,2439
sources,2440
everard,2441
therefore,2442
personalities,2443
stoicism,2444
class,2445
eg,2446
early,2447
holdings,2448
waisbrooker,2449
britain,2450
reader,2451
asds,2452
actions,2453
causing,2454
tyrants,2455
ἀν,2456
harsh,2457
emile,2458
love,2459
forced,2460
possession,2461
mackay,2462
1872–1962,2463
formally,2464
governance,2465
daughter,2466
precluded,2467
memorialising,2468
15,2469
started,2470
explosives,2471
1923,2472
peaceful,2473
powers,2474
surround,2475
indigenous,2476
compatibility,2477
inviting,2478
adults,2479
monarchists,2480
english,2481
americans,2482
layla,2483
b,2484
information,2485
dedicated,2486
contend,2487
contributed,2488
1940s,2489
kropotkin,2490
garner,2491
sindacale,2492
structures,2493
row,2494
dynamiter,2495
labor,2496
japanese,2497
nazi,2498
childhood,2499
failures,2500
close,2501
antiorganisationalist,2502
shown,2503
surroundings,2504
selfownership,2505
sonnenburg,2506
happiness,2507
politician,2508
treated,2509
behind,2510
1953,2511
seek,2512
paper,2513
continuous,2514
translations,2515
rationalist,2516
monatte,2517
rise,2518
federal,2519
important,2520
fled,2521
good,2522
essential,2523
beliefs,2524
joseph,2525
overtly,2526
nerve,2527
devil,2528
pedagogical,2529
diogenes,2530
sex,2531
socialists,2532
rudolf,2533
antibirth,2534
mckay,2535
agrarian,2536
amount,2537
literary,2538
renaissance,2539
latrine,2540
pregnancy,2541
–,2542
outside,2543
today,2544
detroitbased,2545
collectivisation,2546
repression,2547
bands,2548
section,2549
informal,2550
mid20th,2551
cost,2552
1872,2553
leagues,2554
ursula,2555
trudas,2556
tradeunion,2557
libertarian,2558
precursors,2559
west,2560
rule,2561
method,2562
links,2563
relations,2564
obey,2565
taking,2566
nihilist,2567
embraced,2568
impoverishment,2569
expounded,2570
1960s,2571
decentralised,2572
1,2573
158,2574
university,2575
sorts,2576
david,2577
popolare,2578
camp,2579
predation,2580
manifestation,2581
environmental,2582
distributed,2583
clear,2584
autonomist,2585
ownership,2586
existed,2587
biennio,2588
selfrealisation,2589
harmful,2590
nettlau,2591
teufel,2592
land,2593
suffix,2594
accounts,2595
uprising,2596
informed,2597
desperation,2598
amoureuse,2599
portions,2600
egoism,2601
met,2602
supported,2603
errico,2604
pistols,2605
widely,2606
generally,2607
pioneered,2608
changes,2609
friedrich,2610
word,2611
three,2612
arkhē,2613
ills,2614
time,2615
allow,2616
catholic,2617
reforms,2618
blockades,2619
teaching,2620
lasting,2621
alliance,2622
like,2623
book,2624
worked,2625
propriété,2626
another,2627
amoureux,2628
unanimously,2629
england,2630
pursue,2631
locally,2632
l,2633
uruguayan,2634
killing,2635
consequently,2636
1897,2637
knowledge,2638
critiqued,2639
melchor,2640
insurrectionary,2641
simply,2642
1946,2643
portugal,2644
georges,2645
initial,2646
18thcentury,2647
get,2648
promotion,2649
sexuality,2650
effectively,2651
unnecessary,2652
gage,2653
cross,2654
involvement,2655
margall,2656
copenhagen,2657
trabajo,2658
occupied,2659
manifold,2660
iww,2661
way,2662
reflects,2663
phenomena,2664
put,2665
guérin,2666
dual,2667
south,2668
alone,2669
cohesive,2670
scope,2671
revolutionary,2672
antiimperialism,2673
september,2674
dysfunctional,2675
whatever,2676
communism,2677
normal,2678
military,2679
part,2680
madrid,2681
practice,2682
specifically,2683
genuine,2684
anarchismblackwell,2685
imier,2686
america,2687
tsarist,2688
aim,2689
winstanley,2690
measures,2691
shortlived,2692
robert,2693
selfproclaimed,2694
panic,2695
fabbri,2696
pages,2697
entails,2698
edna,2699
birth,2700
justice,2701
anarchist,2702
western,2703
operation,2704
19th,2705
tries,2706
themes,2707
choice,2708
transcendentalist,2709
latter,2710
bosses,2711
workerowned,2712
publicising,2713
used,2714
modern,2715
federation,2716
specific,2717
clearly,2718
basque,2719
1920s,2720
ecoanarchism,2721
strong,2722
gesellschaft,2723
liberate,2724
general,2725
reported,2726
centre,2727
complex,2728
aversion,2729
heads,2730
local,2731
body,2732
congresses,2733
brief,2734
person,2735
professional,2736
silvia,2737
two,2738
1936,2739
essay,2740
ferrers,2741
controversies,2742
opposition,2743
aged,2744
heywoods,2745
recently,2746
purest,2747
terms,2748
pedagogy,2749
promotes,2750
pseudolibertarianism,2751
limitation,2752
